{
  "project_info": {
    "project_number": "258910010477",
    "project_id": "triviapokemon-9be3d",
    "storage_bucket": "triviapokemon-9be3d.firebasestorage.app"
  },
  "client": [
    {
      "client_info": {
        "mobilesdk_app_id": "1:258910010477:android:c129ad8cb6fd1d4eafd364",
        "android_client_info": {
          "package_name": "com.example.triviapokemon"
        }
      },
      "oauth_client": [],
      "api_key": [
        {
          "current_key": "AIzaSyAp2eAJxrMqcPbb5yZoCer0NpqfFcnsWbw"
        }
      ],
      "services": {
        "appinvite_service": {
          "other_platform_oauth_client": []
        }
      }
    }
  ],
  "configuration_version": "1"
}